{
  "_Tutorial": "Set your CLIENTID, CLIENTSECRET, and REDIRECTURI from your Kailua² backend here. don't have an API set up? start with 'node FirstTimeAuth'!",
  "CLIENTID": "",
  "CLIENTSECRET": "",
  "REDIRECTURI": "https://look.here.for.the.code/",
  "RefreshToken": "",
  "_TwoTorial": "type in your Kailua² instance URL here! just type in the Kailua² end of your server, then append the forward-slash (/) to it.",
  "URL":"kailua.url.here/",
  "APIDIRECTORY": {
    "API": {
      "Account": {
        "core": "api/account/v1",
        "cards": "api/account/v1/cards",
        "players": "api/account/v1/players",
        "my_cards": "api/account/v1/my_cards",
        "my_player": "api/account/v1/my_player",
        "my_players": "api/account/v1/my_players"
      },
      "SDVX": {
        "core": "api/SDVX/v1",
        "player_profile": "api/sdvx/v1/player_profile",
        "player_rivals": "api/sdvx/v1/rivals",
        "player_bests": "api/sdvx/v1/player_bests",
        "player_play_history": "api/sdvx/v1/play_history"
      },
      "IIDX": {
        "core": "api/IIDX/v2"
      }
    },
    "Oauth": {
      "token": "oauth/token"
    }
  }
}